-- phpMyAdmin SQL Dump
-- version 5.0.4
-- https://www.phpmyadmin.net/
--
-- Servidor: 127.0.0.1
-- Tiempo de generación: 17-11-2023 a las 15:25:59
-- Versión del servidor: 10.4.17-MariaDB
-- Versión de PHP: 8.0.0

SET SQL_MODE = "NO_AUTO_VALUE_ON_ZERO";
START TRANSACTION;
SET time_zone = "+00:00";


/*!40101 SET @OLD_CHARACTER_SET_CLIENT=@@CHARACTER_SET_CLIENT */;
/*!40101 SET @OLD_CHARACTER_SET_RESULTS=@@CHARACTER_SET_RESULTS */;
/*!40101 SET @OLD_COLLATION_CONNECTION=@@COLLATION_CONNECTION */;
/*!40101 SET NAMES utf8mb4 */;

--
-- Base de datos: `biblioteca`
--

-- --------------------------------------------------------

--
-- Estructura de tabla para la tabla `autor`
--

CREATE TABLE `autor` (
  `id` int(11) NOT NULL,
  `autor` varchar(150) NOT NULL,
  `imagen` varchar(100) NOT NULL,
  `estado` int(11) NOT NULL DEFAULT 1
) ENGINE=InnoDB DEFAULT CHARSET=utf8mb4;

--
-- Volcado de datos para la tabla `autor`
--

INSERT INTO `autor` (`id`, `autor`, `imagen`, `estado`) VALUES
(4, 'Daniel Susskind', '20231117062647.jpg', 1);

-- --------------------------------------------------------

--
-- Estructura de tabla para la tabla `categoria`
--

CREATE TABLE `categoria` (
  `id` int(11) NOT NULL,
  `categoria` text NOT NULL,
  `estado` int(11) NOT NULL DEFAULT 1
) ENGINE=InnoDB DEFAULT CHARSET=utf8mb4;

--
-- Volcado de datos para la tabla `categoria`
--

INSERT INTO `categoria` (`id`, `categoria`, `estado`) VALUES
(1, 'Tecnología', 1),
(2, 'Electrónica', 1),
(3, 'Matemática', 1);

-- --------------------------------------------------------

--
-- Estructura de tabla para la tabla `configuracion`
--

CREATE TABLE `configuracion` (
  `id` int(11) NOT NULL,
  `nombre` varchar(200) NOT NULL,
  `telefono` varchar(20) NOT NULL,
  `direccion` text NOT NULL,
  `correo` varchar(100) NOT NULL,
  `foto` varchar(50) NOT NULL
) ENGINE=InnoDB DEFAULT CHARSET=utf8mb4;

--
-- Volcado de datos para la tabla `configuracion`
--

INSERT INTO `configuracion` (`id`, `nombre`, `telefono`, `direccion`, `correo`, `foto`) VALUES
(1, 'FISEI', '099 705 4558', 'Av. los chásquis', 'fisei@uta.edu.ec', 'logo.png');

-- --------------------------------------------------------

--
-- Estructura de tabla para la tabla `detalle_permisos`
--

CREATE TABLE `detalle_permisos` (
  `id` int(11) NOT NULL,
  `id_usuario` int(11) NOT NULL,
  `id_permiso` int(11) NOT NULL
) ENGINE=InnoDB DEFAULT CHARSET=utf8mb4;

--
-- Volcado de datos para la tabla `detalle_permisos`
--

INSERT INTO `detalle_permisos` (`id`, `id_usuario`, `id_permiso`) VALUES
(12, 2, 1),
(14, 3, 1),
(15, 3, 2),
(16, 3, 6);

-- --------------------------------------------------------

--
-- Estructura de tabla para la tabla `editorial`
--

CREATE TABLE `editorial` (
  `id` int(11) NOT NULL,
  `editorial` varchar(150) NOT NULL,
  `estado` int(11) NOT NULL DEFAULT 1
) ENGINE=InnoDB DEFAULT CHARSET=utf8mb4;

--
-- Volcado de datos para la tabla `editorial`
--

INSERT INTO `editorial` (`id`, `editorial`, `estado`) VALUES
(1, 'Australs', 1),
(2, 'Alpha', 1);

-- --------------------------------------------------------

--
-- Estructura de tabla para la tabla `estudiante`
--

CREATE TABLE `estudiante` (
  `id` int(11) NOT NULL,
  `codigo` varchar(20) NOT NULL,
  `dni` varchar(20) NOT NULL,
  `nombre` varchar(150) NOT NULL,
  `carrera` varchar(255) NOT NULL,
  `direccion` text NOT NULL,
  `telefono` varchar(15) NOT NULL,
  `estado` int(11) NOT NULL DEFAULT 1
) ENGINE=InnoDB DEFAULT CHARSET=utf8mb4;

--
-- Volcado de datos para la tabla `estudiante`
--

INSERT INTO `estudiante` (`id`, `codigo`, `dni`, `nombre`, `carrera`, `direccion`, `telefono`, `estado`) VALUES
(1, '1801', '0550194120', 'Edison Palomo', 'Software', 'Pujilí', '0984342852', 1),
(2, '1802', '1823432344', 'Juan Perez', 'Software', 'Ambato', '0987343223', 1),
(3, '1803', '0543454333', 'Marco Suarez', 'Software', 'Ambato', '0982343222', 1),
(4, '1804', '0559444354', 'Cristian Gaibor', 'Software', 'Ambato', '0934543222', 1),
(5, '1805', '18232122', 'Edison Pereira', 'Software', 'Ambato', '0933322234', 1),
(6, '1809', '0222123433', 'Alison Torres', 'Software', 'Ambato', '0987645673', 1),
(7, '1901', '0550982634', 'Edison Peres', 'Software', 'Ambato', '098723234', 1);

-- --------------------------------------------------------

--
-- Estructura de tabla para la tabla `libro`
--

CREATE TABLE `libro` (
  `id` int(11) NOT NULL,
  `titulo` text NOT NULL,
  `cantidad` int(11) NOT NULL,
  `id_autor` int(11) NOT NULL,
  `id_editorial` int(11) NOT NULL,
  `anio_edicion` date NOT NULL,
  `id_categoria` int(11) NOT NULL,
  `num_pagina` int(11) NOT NULL,
  `descripcion` text NOT NULL,
  `imagen` varchar(100) NOT NULL,
  `estado` int(11) NOT NULL DEFAULT 1
) ENGINE=InnoDB DEFAULT CHARSET=utf8mb4;

--
-- Volcado de datos para la tabla `libro`
--

INSERT INTO `libro` (`id`, `titulo`, `cantidad`, `id_autor`, `id_editorial`, `anio_edicion`, `id_categoria`, `num_pagina`, `descripcion`, `imagen`, `estado`) VALUES
(5, 'Futuro Tecnológico', 100, 4, 1, '2001-04-12', 1, 250, 'Educativo', '20231117062733.jpg', 1),
(6, 'Tecnología 1', 35, 4, 1, '2001-11-16', 1, 230, 'Informativo', '20231117142759.jpg', 1);

-- --------------------------------------------------------

--
-- Estructura de tabla para la tabla `permisos`
--

CREATE TABLE `permisos` (
  `id` int(11) NOT NULL,
  `nombre` varchar(50) NOT NULL,
  `tipo` int(11) NOT NULL
) ENGINE=InnoDB DEFAULT CHARSET=utf8mb4;

--
-- Volcado de datos para la tabla `permisos`
--

INSERT INTO `permisos` (`id`, `nombre`, `tipo`) VALUES
(1, 'Libros', 1),
(2, 'Autor', 2),
(3, 'Editorial', 3),
(4, 'Usuarios', 4),
(5, 'Configuracion', 5),
(6, 'Estudiantes', 6),
(7, 'categorias', 7),
(8, 'Reportes', 8),
(9, 'Prestamos', 9);

-- --------------------------------------------------------

--
-- Estructura de tabla para la tabla `prestamo`
--

CREATE TABLE `prestamo` (
  `id` int(11) NOT NULL,
  `id_estudiante` int(11) NOT NULL,
  `id_libro` int(11) NOT NULL,
  `fecha_prestamo` date NOT NULL,
  `fecha_devolucion` date NOT NULL,
  `cantidad` int(11) NOT NULL,
  `observacion` text NOT NULL,
  `estado` int(11) NOT NULL DEFAULT 1
) ENGINE=InnoDB DEFAULT CHARSET=utf8mb4;

--
-- Volcado de datos para la tabla `prestamo`
--

INSERT INTO `prestamo` (`id`, `id_estudiante`, `id_libro`, `fecha_prestamo`, `fecha_devolucion`, `cantidad`, `observacion`, `estado`) VALUES
(1, 1, 5, '2023-11-17', '2023-11-18', 20, 'Buen Estado', 0),
(2, 2, 5, '2023-11-16', '2023-11-16', 10, 'ww', 0),
(3, 3, 6, '2023-11-17', '2023-11-18', 10, 'Buen estado', 1),
(4, 1, 6, '2023-11-17', '2023-11-18', 5, '', 1);

-- --------------------------------------------------------

--
-- Estructura de tabla para la tabla `usuarios`
--

CREATE TABLE `usuarios` (
  `id` int(11) NOT NULL,
  `usuario` varchar(50) NOT NULL,
  `nombre` varchar(200) NOT NULL,
  `clave` varchar(100) NOT NULL,
  `estado` int(11) NOT NULL DEFAULT 1
) ENGINE=InnoDB DEFAULT CHARSET=utf8mb4;

--
-- Volcado de datos para la tabla `usuarios`
--

INSERT INTO `usuarios` (`id`, `usuario`, `nombre`, `clave`, `estado`) VALUES
(1, 'admin', 'Marlon Copara', '8c6976e5b5410415bde908bd4dee15dfb167a9c873fc4bb8a81f6f2ab448a918', 1),
(2, 'juan', 'Juan Pérez', '519ba91a5a5b4afb9dc66f8805ce8c442b6576316c19c6896af2fa9bda6aff71', 1),
(3, 'pedro', 'Pedro Romo', '2702cb34ee041711b9df0c67a8d5c9de02110c80e3fc966ba8341456dbc9ef2b', 1);

--
-- Índices para tablas volcadas
--

--
-- Indices de la tabla `autor`
--
ALTER TABLE `autor`
  ADD PRIMARY KEY (`id`);

--
-- Indices de la tabla `categoria`
--
ALTER TABLE `categoria`
  ADD PRIMARY KEY (`id`);

--
-- Indices de la tabla `configuracion`
--
ALTER TABLE `configuracion`
  ADD PRIMARY KEY (`id`);

--
-- Indices de la tabla `detalle_permisos`
--
ALTER TABLE `detalle_permisos`
  ADD PRIMARY KEY (`id`),
  ADD KEY `id_usuario` (`id_usuario`),
  ADD KEY `id_permiso` (`id_permiso`);

--
-- Indices de la tabla `editorial`
--
ALTER TABLE `editorial`
  ADD PRIMARY KEY (`id`);

--
-- Indices de la tabla `estudiante`
--
ALTER TABLE `estudiante`
  ADD PRIMARY KEY (`id`);

--
-- Indices de la tabla `libro`
--
ALTER TABLE `libro`
  ADD PRIMARY KEY (`id`),
  ADD KEY `id_autor` (`id_autor`),
  ADD KEY `id_categoria` (`id_categoria`),
  ADD KEY `id_editorial` (`id_editorial`);

--
-- Indices de la tabla `permisos`
--
ALTER TABLE `permisos`
  ADD PRIMARY KEY (`id`);

--
-- Indices de la tabla `prestamo`
--
ALTER TABLE `prestamo`
  ADD PRIMARY KEY (`id`),
  ADD KEY `id_estudiante` (`id_estudiante`),
  ADD KEY `id_libro` (`id_libro`);

--
-- Indices de la tabla `usuarios`
--
ALTER TABLE `usuarios`
  ADD PRIMARY KEY (`id`);

--
-- AUTO_INCREMENT de las tablas volcadas
--

--
-- AUTO_INCREMENT de la tabla `autor`
--
ALTER TABLE `autor`
  MODIFY `id` int(11) NOT NULL AUTO_INCREMENT, AUTO_INCREMENT=5;

--
-- AUTO_INCREMENT de la tabla `categoria`
--
ALTER TABLE `categoria`
  MODIFY `id` int(11) NOT NULL AUTO_INCREMENT, AUTO_INCREMENT=5;

--
-- AUTO_INCREMENT de la tabla `configuracion`
--
ALTER TABLE `configuracion`
  MODIFY `id` int(11) NOT NULL AUTO_INCREMENT, AUTO_INCREMENT=2;

--
-- AUTO_INCREMENT de la tabla `detalle_permisos`
--
ALTER TABLE `detalle_permisos`
  MODIFY `id` int(11) NOT NULL AUTO_INCREMENT, AUTO_INCREMENT=17;

--
-- AUTO_INCREMENT de la tabla `editorial`
--
ALTER TABLE `editorial`
  MODIFY `id` int(11) NOT NULL AUTO_INCREMENT, AUTO_INCREMENT=3;

--
-- AUTO_INCREMENT de la tabla `estudiante`
--
ALTER TABLE `estudiante`
  MODIFY `id` int(11) NOT NULL AUTO_INCREMENT, AUTO_INCREMENT=8;

--
-- AUTO_INCREMENT de la tabla `libro`
--
ALTER TABLE `libro`
  MODIFY `id` int(11) NOT NULL AUTO_INCREMENT, AUTO_INCREMENT=7;

--
-- AUTO_INCREMENT de la tabla `permisos`
--
ALTER TABLE `permisos`
  MODIFY `id` int(11) NOT NULL AUTO_INCREMENT, AUTO_INCREMENT=10;

--
-- AUTO_INCREMENT de la tabla `prestamo`
--
ALTER TABLE `prestamo`
  MODIFY `id` int(11) NOT NULL AUTO_INCREMENT, AUTO_INCREMENT=5;

--
-- AUTO_INCREMENT de la tabla `usuarios`
--
ALTER TABLE `usuarios`
  MODIFY `id` int(11) NOT NULL AUTO_INCREMENT, AUTO_INCREMENT=4;

--
-- Restricciones para tablas volcadas
--

--
-- Filtros para la tabla `detalle_permisos`
--
ALTER TABLE `detalle_permisos`
  ADD CONSTRAINT `detalle_permisos_ibfk_1` FOREIGN KEY (`id_usuario`) REFERENCES `usuarios` (`id`),
  ADD CONSTRAINT `detalle_permisos_ibfk_2` FOREIGN KEY (`id_permiso`) REFERENCES `permisos` (`id`);

--
-- Filtros para la tabla `libro`
--
ALTER TABLE `libro`
  ADD CONSTRAINT `libro_ibfk_1` FOREIGN KEY (`id_autor`) REFERENCES `autor` (`id`),
  ADD CONSTRAINT `libro_ibfk_2` FOREIGN KEY (`id_editorial`) REFERENCES `editorial` (`id`),
  ADD CONSTRAINT `libro_ibfk_3` FOREIGN KEY (`id_categoria`) REFERENCES `categoria` (`id`);

--
-- Filtros para la tabla `prestamo`
--
ALTER TABLE `prestamo`
  ADD CONSTRAINT `prestamo_ibfk_1` FOREIGN KEY (`id_estudiante`) REFERENCES `estudiante` (`id`),
  ADD CONSTRAINT `prestamo_ibfk_2` FOREIGN KEY (`id_libro`) REFERENCES `libro` (`id`);
COMMIT;

/*!40101 SET CHARACTER_SET_CLIENT=@OLD_CHARACTER_SET_CLIENT */;
/*!40101 SET CHARACTER_SET_RESULTS=@OLD_CHARACTER_SET_RESULTS */;
/*!40101 SET COLLATION_CONNECTION=@OLD_COLLATION_CONNECTION */;
